"","Show_Name","parentTconst"
"1","The Last of Us","tt3581920"
"2","Game of Thrones","tt0944947"
"3","Black Mirror","tt2085059"
"4","House of the Dragon","tt11198330"
"5","Breaking Bad","tt0903747"
"6","Attack on Titan","tt2560140"
"7","Sherlock","tt1475582"
"8","The Lord of the Rings: The Rings of Power","tt7631058"
"9","The Mandalorian","tt8111088"
"10","Stranger Things","tt4574334"
"11","Loki","tt9140554"
"12","Better Call Saul","tt3032476"
"13","The Boys","tt1190634"
"14","The Acolyte","tt12262202"
"15","Ahsoka","tt13622776"
"16","Arcane","tt11126994"
"17","She-Hulk: Attorney at Law","tt10857160"
"18","Love Death & Robots","tt9561862"
"19","True Detective","tt2356777"
"20","Squid Game","tt10919420"
"21","Dark","tt5753856"
"22","Andor","tt9253284"
"23","Dhindora","tt14650074"
"24","The Witcher","tt5180504"
"25","Rick and Morty","tt2861424"
"26","The Walking Dead","tt1520211"
"27","Westworld","tt0475784"
"28","Fallout","tt12637874"
"29","Guillermo del Toro's Cabinet of Curiosities","tt8415836"
"30","What If...?","tt10168312"
"31","Mr. Robot","tt4158110"
"32","Succession","tt7660850"
"33","Daredevil","tt3322312"
"34","Peaky Blinders","tt2442560"
"35","Shōgun","tt2788316"
"36","Wednesday","tt13443470"
"37","Invincible","tt6741278"
"38","Severance","tt11280740"
"39","The Sandman","tt1751634"
"40","Ted Lasso","tt10986410"
"41","The Sopranos","tt0141842"
"42","Euphoria","tt8772296"
"43","The Heroes","tt7657124"
"44","The Bear","tt14452776"
"45","Peacemaker","tt13146488"
"46","The Walking Dead: The Ones Who Live","tt9859436"
"47","Money Heist","tt6468322"
"48","Paranormal","tt12411074"
"49","Another Love","tt22727518"
"50","Hannibal","tt2243973"
"51","The Wheel of Time","tt7462410"
"52","Fargo","tt2802850"
"53","The Punisher","tt5675620"
"54","Jujutsu Kaisen","tt12343534"
"55","Gen V","tt13159924"
"56","Mindhunter","tt5290382"
"57","Dexter","tt0773262"
"58","Lost","tt0411008"
"59","First Kill","tt13315156"
"60","The Leftovers","tt2699128"
"61","Avatar: The Last Airbender","tt0417299"
"62","The Office","tt0290978"
"63","3 Body Problem","tt13016388"
"64","Bleach: Thousand-Year Blood War","tt14986406"
"65","Sapne Vs Everyone","tt30263074"
"66","BoJack Horseman","tt3398228"
"67","King the Land","tt26693803"
"68","Silo","tt14688458"
"69","Narcos","tt2707408"
"70","Friends","tt0108778"
"71","Star Trek: Strange New Worlds","tt12327578"
"72","Ozark","tt5071412"
"73","Twin Peaks","tt0098936"
"74","Demon Slayer: Kimetsu no Yaiba","tt9335498"
"75","Vikings","tt2306299"
"76","Firefly","tt0303461"
"77","Reacher","tt9288030"
"78","Barry","tt5348176"
"79","Warrior Nun","tt9059350"
"80","Lucifer","tt4052886"
"81","Love Is in the Air","tt12439466"
"82","Fleabag","tt5687612"
"83","Good Omens","tt1869454"
"84","Death Note","tt0877057"
"85","1899","tt9319668"
"86","The Wire","tt0306414"
"87","Sex Education","tt7767422"
"88","Star Trek: Picard","tt8806524"
"89","Big Little Lies","tt3920596"
"90","X-Men '97","tt16026746"
"91","Halo","tt2934286"
"92","The White Lotus","tt13406094"
"93","Supernatural","tt0460681"
"94","Taboo","tt3647998"
"95","House of Cards","tt1856010"
"96","Community","tt1439629"
"97","Sandeep Bhaiya","tt28227737"
"98","Bodyguard","tt7493974"
"99","The X-Files","tt0106179"
"100","Star Wars: The Clone Wars","tt0458290"
"101","The Crown","tt4786824"
"102","How I Met Your Mother","tt0460649"
"103","Prison Break","tt0455275"
"104","Chamak","tt28184392"
"105","Seinfeld","tt0098904"
"106","The 100","tt2661044"
"107","The Umbrella Academy","tt1312171"
"108","Sense8","tt2431438"
"109","Love Doesn't Understand Words","tt5768632"
"110","Vinland Saga","tt10233448"
"111","Chainsaw Man","tt13616990"
"112","The Outsider","tt8550800"
"113","Star Trek","tt0060028"
"114","Altered Carbon","tt2261227"
"115","Arrow","tt2193021"
"116","American Horror Story","tt1844624"
"117","Beef","tt14403178"
"118","Cobra Kai","tt7221388"
"119","You","tt7335184"
"120","Masters of Horror","tt0448190"
"121","The End of the F***ing World","tt6257970"
"122","The Handmaid's Tale","tt5834204"
"123","Person of Interest","tt1839578"
"124","The Orville","tt5691552"
"125","Jessica Jones","tt2357547"
"126","Star Trek: The Next Generation","tt0092455"
"127","Gravity Falls","tt1865718"
"128","Star Trek: Discovery","tt5171438"
"129","13 Reasons Why","tt1837492"
"130","The Big Bang Theory","tt0898266"
"131","Only Murders in the Building","tt11691774"
"132","Buffy the Vampire Slayer","tt0118276"
"133","Spartacus","tt1442449"
"134","Aspirants","tt14392248"
"135","Çilgin Dersane at the University","tt9861270"
"136","Bi' Kahve 2 Sohbet","tt31369068"
"137","The Flash","tt3107288"
"138","One Punch Man","tt4508902"
"139","The Last Kingdom","tt4179452"
"140","Star Wars: Visions","tt13622982"
"141","Percy Jackson and the Olympians","tt12324366"
"142","Tree of Life","tt5152226"
"143","Star Wars: The Bad Batch","tt12708542"
"144","The Walking Dead: Dead City","tt18546730"
"145","The Expanse","tt3230854"
"146","Cumartesi-Pazar Surpriz","tt32315359"
"147","Brooklyn Nine-Nine","tt2467372"
"148","House","tt0412142"
"149","Killing Eve","tt7016936"
"150","Electric Dreams","tt5711280"
"151","It's Always Sunny in Philadelphia","tt0472954"
"152","Bridgerton","tt8740790"
"153","Blue Eye Samurai","tt13309742"
"154","Foundation","tt0804484"
"155","The Walking Dead: Daryl Dixon","tt13062500"
"156","Fear the Walking Dead","tt3743822"
"157","South Park","tt0121955"
"158","Outlander","tt3006802"
"159","Poker Face","tt14269590"
"160","The Terminal List","tt11743610"
"161","Agents of S.H.I.E.L.D.","tt2364582"
"162","Shadow and Bone","tt2403776"
"163","Sons of Anarchy","tt1124373"
"164","The Peripheral","tt8291284"
"165","Tom Clancy's Jack Ryan","tt5057054"
"166","Willow","tt10278918"
"167","The Idol","tt14954666"
"168","Regular Show","tt1710308"
"169","Our Flag Means Death","tt11000902"
"170","The Good Place","tt4955642"
"171","Iron Fist","tt3322310"
"172","Atlanta","tt4288182"
"173","The Gentlemen","tt13210838"
"174","After Life","tt8398600"
"175","Columbo","tt1466074"
"176","Homeland","tt1796960"
"177","Gotham","tt3749900"
"178","The Family Man","tt9544034"
"179","Luke Cage","tt3322314"
"180","Mad Men","tt0804503"
"181","Raised by Wolves","tt9170108"
"182","Cowboy Bebop","tt0213338"
"183","Modern Love","tt8543390"
"184","Lovecraft Country","tt6905686"
"185","Yellowstone","tt4236770"
"186","Luther","tt1474684"
"187","The OA","tt4635282"
"188","Legion","tt5114356"
"189","The Legend of Korra","tt1695360"
"190","Tulsa King","tt16358384"
"191","Agent Carter","tt3475734"
"192","Solo Leveling","tt21209876"
"193","Banshee","tt2017109"
"194","Monarch: Legacy of Monsters","tt17220216"
"195","Star Wars: Rebels","tt2930604"
"196","American Horror Stories","tt12306692"
"197","Alice in Borderland","tt10795658"
"198","Young Justice","tt1641384"
"199","His Dark Materials","tt5607976"
"200","Suits","tt1632701"
"201","The IT Crowd","tt0487831"
"202","Penny Dreadful","tt2628232"
"203","Parks and Recreation","tt1266020"
"204","See","tt7949218"
"205","The Twilight Zone","tt0052520"
"206","One Piece","tt0388629"
"207","Heartstopper","tt10638036"
"208","Ash vs Evil Dead","tt4189022"
"209","American Crime Story","tt2788432"
"210","The Boys Presents: Diabolical","tt16350094"
"211","The Morning Show","tt7203552"
"212","1923","tt18335752"
"213","Rome","tt0384766"
"214","Thank You Next","tt28267514"
"215","The Frog","tt12920838"
"216","Titans","tt1043813"
"217","From","tt9813792"
"218","I Am Groot","tt13623148"
"219","Futurama","tt0149460"
"220","The Night Agent","tt13918776"
"221","Fringe","tt1119644"
"222","Neon Genesis Evangelion","tt0112159"
"223","Fawlty Towers","tt0072500"
"224","Hijack","tt19854762"
"225","The Shield","tt0286486"
"226","Star Trek: Deep Space Nine","tt0106145"
"227","Modern Family","tt1442437"
"228","Boardwalk Empire","tt0979432"
"229","Fullmetal Alchemist: Brotherhood","tt1355642"
"230","The Great Indian Kapil Show","tt30003786"
"231","Six Feet Under","tt0248654"
"232","NCR Days","tt21279678"
"233","The Grand Tour","tt5712554"
"234","Arrested Development","tt0367279"
"235","Lupin","tt2531336"
"236","Shadowhunters","tt4145054"
"237","This Is Us","tt5555260"
"238","Batman: The Animated Series","tt0103359"
"239","Oz","tt0118421"
"240","The Sinner","tt6048596"
"241","Yellowjackets","tt11041332"
"242","Black Sails","tt2375692"
"243","The Marvelous Mrs. Maisel","tt5788792"
"244","Orange Is the New Black","tt2372162"
"245","Poirot","tt0094525"
"246","Anne with an E","tt5421602"
"247","Hazbin Hotel","tt7216636"
"248","Lost in Space","tt5232792"
"249","What We Do in the Shadows","tt7908628"
"250","Star Trek: Voyager","tt0112178"
"251","Castlevania","tt6517102"
"252","Freaks and Geeks","tt0193676"
"253","The Simpsons","tt0096697"
"254","The Spectacular Spider-Man","tt0976192"
"255","Russian Doll","tt7520794"
"256","The Man in the High Castle","tt1740299"
"257","Shahmaran","tt16913068"
"258","Criminal Minds","tt0452046"
"259","The Rehearsal","tt10802170"
"260","Presumed Innocent","tt17677860"
"261","Angel","tt0162065"
"262","All of Us Are Dead","tt14169960"
"263","Downton Abbey","tt1606375"
"264","Broadchurch","tt2249364"
"265","Bates Motel","tt2188671"
"266","Castle Rock","tt6548228"
"267","Sacred Games","tt6077448"
"268","I Am Not Okay with This","tt9446688"
"269","The Old Man","tt5645432"
"270","American Gods","tt1898069"
"271","Curb Your Enthusiasm","tt0264235"
"272","Mr. Bean","tt0096657"
"273","Ratched","tt7423538"
"274","Master of None","tt4635276"
"275","Narcos: Mexico","tt8714904"
"276","Tales from the Loop","tt8741290"
"277","The Fall","tt2294189"
"278","Doctor Who","tt0056751"
"279","The Newsroom","tt1870479"
"280","The Promised Neverland","tt8788458"
"281","The Terror","tt2708480"
"282","Supergirl","tt4016454"
"283","The Watcher","tt14852808"
"284","Ted","tt14824792"
"285","Silicon Valley","tt2575988"
"286","Star Trek: Enterprise","tt0244365"
"287","Rise of Empires: Ottoman","tt9244578"
"288","Deadwood","tt0348914"
"289","Shrinking","tt15677150"
"290","For All Mankind","tt7772588"
"291","Resident Evil","tt9660182"
"292","Mr. & Mrs. Smith","tt14044212"
"293","Swamp Thing","tt8362852"
"294","The Americans","tt2149175"
"295","Adventure Time","tt1305826"
"296","Criminal: UK","tt9348692"
"297","How to Get Away with Murder","tt3205802"
"298","Constantine","tt3489184"
"299","Mirzapur","tt6473300"
"300","Carnival Row","tt0489974"
"301","Your Honor","tt7440726"
"302","Space Force","tt9612516"
"303","Citadel","tt9794044"
"304","The Vampire Diaries","tt1405406"
"305","Marple","tt1734537"
"306","Violet Evergarden","tt7078180"
"307","DC's Legends of Tomorrow","tt4532368"
"308","A League of Their Own","tt8226360"
"309","Slow Horses","tt5875444"
"310","Chilling Adventures of Sabrina","tt7569592"
"311","The Blacklist","tt2741602"
"312","Battlestar Galactica","tt0076984"
"313","Steins;Gate","tt1910272"
"314","True Blood","tt0844441"
"315","Justified","tt1489428"
"316","Preacher","tt5016504"
"317","Schitt's Creek","tt3526078"
"318","The Legend of Vox Machina","tt11247158"
"319","Inside No. 9","tt2674806"
"320","The Alienist","tt4604612"
"321","Family Guy","tt0182576"
"322","Timeless","tt5511582"
"323","The Mentalist","tt1196946"
"324","Lioness","tt13111078"
"325","Panchayat","tt12004706"
"326","Monster","tt0434706"
"327","My Hero Academia","tt5626028"
"328","Doom Patrol","tt8416494"
"329","Smiling Friends","tt12074628"
"330","Velma","tt14153790"
"331","Once Upon a Time","tt1843230"
"332","The Diplomat","tt17491088"
"333","Archive 81","tt13365348"
"334","Superman & Lois","tt11192306"
"335","Orphan Black","tt2234222"
"336","The Midnight Gospel","tt11639414"
"337","Wayward Pines","tt2618986"
"338","Tiger King","tt11823076"
"339","Heroes","tt0813715"
"340","Teen Wolf","tt1567432"
"341","Locke & Key","tt3007572"
"342","A Series of Unfortunate Events","tt4834206"
"343","Wynonna Earp","tt4878326"
"344","Line of Duty","tt2303687"
"345","Nine Perfect Strangers","tt8760932"
"346","Harry & Meghan","tt23900194"
"347","Man vs. Bee","tt13640670"
"348","The Night Manager","tt15576504"
"349","Interview with the Vampire","tt3960394"
"350","Dead to Me","tt8064302"
"351","Resident Alien","tt8690918"
"352","Designated Survivor","tt5296406"
"353","Monk","tt0312172"
"354","Taaza Khabar","tt22014226"
"355","Jupiter's Legacy","tt5774002"
"356","24","tt0285331"
"357","Bosch","tt3502248"
"358","Inhumans","tt4154858"
"359","Messiah","tt7671598"
"360","Code Geass","tt0994314"
"361","Glee","tt1327801"
"362","Steven Universe","tt3061046"
"363","Our Planet","tt9253866"
"364","Chuck","tt0934814"
"365","Travelers","tt5651844"
"366","The Flight Attendant","tt7569576"
"367","Outer Banks","tt10293938"
"368","Dragon Ball Z","tt0214341"
"369","Vikings: Valhalla","tt11311302"
"370","Beck","tt0907683"
"371","Warrior","tt5743796"
"372","Castle","tt1219024"
"373","Inside Job","tt10231312"
"374","Archer","tt1486217"
"375","Forever","tt3487382"
"376","Batman: Caped Crusader","tt14681596"
"377","Upload","tt7826376"
"378","Frieren: Beyond Journey's End","tt22248376"
"379","Derry Girls","tt7120662"
"380","Extras","tt0445114"
"381","Gyeongseong Creature","tt22352854"
"382","The Owl House","tt8050756"
"383","The Originals","tt2632424"
"384","Erased","tt5249462"
"385","Harley Quinn","tt7658402"
"386","Scrubs","tt0285403"
"387","Two and a Half Men","tt0369179"
"388","Scream Queens","tt4145384"
"389","Black Summer","tt8923854"
"390","Like There's No Tomorrow","tt31123801"
"391","Manifest","tt8421350"
"392","Batwoman","tt8712204"
"393","Smallville","tt0279600"
"394","Hunter x Hunter","tt0426719"
"395","Chucky","tt8388390"
"396","The Strain","tt2654620"
"397","Mob Psycho 100","tt5897304"
"398","Scream: The TV Series","tt3921180"
"399","Torchwood","tt0485301"
"400","The Midnight Club","tt13444912"
"401","Blackadder Goes Forth","tt0096548"
"402","She-Ra and the Princesses of Power","tt7745956"
"403","Under the Dome","tt1553656"
"404","The Chestnut Man","tt10834220"
"405","Making a Murderer","tt5189670"
"406","Hunters","tt7456722"
"407","Stargate SG-1","tt0118480"
"408","JoJo's Bizarre Adventure","tt2359704"
"409","Spy x Family","tt13706018"
"410","Santa Clarita Diet","tt5580540"
"411","Endeavour","tt2701582"
"412","Cursed","tt8210856"
"413","Young Sheldon","tt6226232"
"414","Jury Duty","tt22074164"
"415","Lucky Guy","tt28857177"
"416","A Discovery of Witches","tt2177461"
"417","Riverdale","tt5420376"
"418","Masters of the Universe: Revelation","tt10826054"
"419","Sugar","tt16418808"
"420","Berlin","tt16288804"
"421","FUBAR","tt13064902"
"422","Limitless","tt4422836"
"423","New Girl","tt1826940"
"424","The Inbetweeners","tt1220617"
"425","The Good Doctor","tt6470478"
"426","Happy Valley","tt3428912"
"427","Ballers","tt2891574"
"428","Psych","tt0491738"
"429","As If","tt13675832"
"430","Grey's Anatomy","tt0413573"
"431","Snowpiercer","tt6156584"
"432","Tokyo Vice","tt2887954"
"433","Primal","tt10332508"
"434","Dirk Gently's Holistic Detective Agency","tt4047038"
"435","And Just Like That...","tt13819960"
"436","The Exorcist","tt5368542"
"437","The Rookie","tt7587890"
"438","Re: Zero Starting Life in Another World","tt5607616"
"439","The Protector","tt7668518"
"440","Utopia","tt2384811"
"441","The Dark Crystal: Age of Resistance","tt6905542"
"442","Mushoku Tensei: Jobless Reincarnation","tt13293588"
"443","Clarkson's Farm","tt10541088"
"444","12 Monkeys","tt3148266"
"445","Californication","tt0904208"
"446","Atypical","tt6315640"
"447","Lockwood & Co.","tt13802576"
"448","Grimm","tt1830617"
"449","Blackadder II","tt0088484"
"450","Daisy Jones & The Six","tt8749198"
"451","Star Trek: Lower Decks","tt9184820"
"452","Mythic Quest","tt8879940"
"453","GLOW","tt5770786"
"454","Veep","tt1759761"
"455","The Knick","tt2937900"
"456","Servant","tt8068860"
"457","Twisted Metal","tt14261112"
"458","Sweet Tooth","tt12809988"
"459","Runaways","tt1236246"
"460","The Time Traveler's Wife","tt8783930"
"461","The Life and Movies of Erşan Kuneri","tt13238304"
"462","Young Royals","tt14664414"
"463","Blackadder","tt0084988"
"464","Superstore","tt4477976"
"465","Inside Man","tt10948716"
"466","Billions","tt4270492"
"467","Berserk","tt0318871"
"468","Dead Boy Detectives","tt15358446"
"469","Outer Range","tt11685912"
"470","The Gilded Age","tt4406178"
"471","Marco Polo","tt2189461"
"472","Living with Yourself","tt8880894"
"473","Kota Factory","tt9432978"
"474","The Gifted","tt4396630"
"475","Disenchantment","tt5363918"
"476","The Shannara Chronicles","tt1051220"
"477","The Lincoln Lawyer","tt13833978"
"478","Terminator: The Sarah Connor Chronicles","tt0851851"
"479","Nathan for You","tt2297757"
"480","Kaiju No. 8","tt21975436"
"481","Blackadder the Third","tt0092324"
"482","Feud","tt1984119"
"483","The Wilds","tt8633062"
"484","Emily in Paris","tt8962124"
"485","The Chosen","tt9471404"
"486","Constellation","tt19395018"
"487","Hellbound","tt12235718"
"488","Entourage","tt0387199"
"489","Stargate: Atlantis","tt0374455"
"490","9-1-1","tt7235466"
"491","Wallander","tt1178618"
"492","Shameless","tt0377260"
"493","Ragnarok","tt9251798"
"494","Ray Donovan","tt2249007"
"495","Dark Matter","tt19231492"
"496","Bones","tt0460627"
"497","It's Okay to Not Be Okay","tt12451520"
"498","Frasier","tt0106004"
"499","The Kominsky Method","tt7255502"
"500","Young Rock","tt11639952"
"501","Spaced","tt0187664"
"502","Who Is America?","tt8679236"
"503","Elite","tt7134908"
"504","Counterpart","tt4643084"
"505","Hacks","tt11815682"
"506","Motherland: Fort Salem","tt9900092"
"507","Goliath","tt4687880"
"508","Mayor of Kingstown","tt11712058"
"509","Monty Python's Flying Circus","tt0063929"
"510","Hanna","tt6932244"
"511","Dragon Ball Z Kai","tt1409055"
"512","Veronica Mars","tt0412253"
"513","The Case-Book of Sherlock Holmes","tt0098765"
"514","Elementary","tt2191671"
"515","Bloodline","tt3520702"
"516","Da Vinci's Demons","tt2094262"
"517","30 Rock","tt0496424"
"518","The Devil's Hour","tt14379784"
"519","Fate: The Winx Saga","tt8179402"
"520","Hell's Paradise: Jigokuraku","tt13911284"
"521","Murderville","tt15264192"
"522","Farzi","tt15477488"
"523","iZombie","tt3501584"
"524","Final Space","tt6317068"
"525","The West Wing","tt0200276"
"526","Manhunt","tt5618256"
"527","Indian Police Force","tt19768024"
"528","Your Lie in April","tt3895150"
"529","The Recruit","tt16030542"
"530","Terra Nova","tt1641349"
"531","Homecoming","tt7008682"
"532","The Last Ship","tt2402207"
"533","Cloak & Dagger","tt5614844"
"534","Almost Human","tt2654580"
"535","Gangs of London","tt7661390"
"536","Winning Time: The Rise of the Lakers Dynasty","tt10244600"
"537","Merlin","tt1199099"
"538","Tales from the Crypt","tt0096708"
"539","That '70s Show","tt0165598"
"540","Longmire","tt1836037"
"541","Malcolm in the Middle","tt0212671"
"542","White Collar","tt1358522"
"543","Into the Badlands","tt3865236"
"544","Dollhouse","tt1135300"
"545","The Prisoner","tt0061287"
"546","The Righteous Gemstones","tt8634332"
"547","Unbreakable Kimmy Schmidt","tt3339966"
"548","Into the Night","tt10919486"
"549","Station 19","tt7053188"
"550","Big Mouth","tt6524350"
"551","Rabbit Hole","tt5822112"
"552","Gilmore Girls","tt0238784"
"553","The Following","tt2071645"
"554","Law & Order: Special Victims Unit","tt0203259"
"555","The Deuce","tt4998350"
"556","Parasyte: The Maxim","tt3358020"
"557","C.B. Strike","tt4276618"
"558","Bosch: Legacy","tt14168162"
"559","The Curse","tt13623608"
"560","The New Batman Adventures","tt0118266"
"561","Vinyl","tt3186130"
"562","Pose","tt7562112"
"563","The Society","tt8778064"
"564","The Mist","tt5639976"
"565","Stargirl","tt8722888"
"566","Never Have I Ever","tt10062292"
"567","Red Dwarf","tt0094535"
"568","Lie to Me","tt1235099"
"569","X-Men","tt0103584"
"570","Barbarians","tt9184986"
"571","Happy!","tt2452242"
"572","Abbott Elementary","tt14218830"
"573","Midsomer Murders","tt0118401"
"574","Justice League","tt0275137"
"575","Tokyo Revengers","tt13196080"
"576","Pretty Little Liars","tt1578873"
"577","The Killing","tt0826760"
"578","Louie","tt1492966"
"579","Evil","tt9055008"
"580","Samurai Jack","tt0278238"
"581","Revolution","tt2070791"
"582","Skins","tt0840196"
"583","Paatal Lok","tt9680440"
"584","Reservation Dogs","tt13623580"
"585","Mr Inbetween","tt7472896"
"586","Blindspot","tt4474344"
"587","Misfits","tt1548850"
"588","Top of the Lake","tt2103085"
"589","Castlevania: Nocturne","tt14833612"
"590","Sneaky Pete","tt5011816"
"591","Vice Principals","tt3766376"
"592","Black Clover","tt7441658"
"593","Naruto","tt0409591"
"594","Jericho","tt0805663"
"595","Scavengers Reign","tt21056886"
"596","The Return of Sherlock Holmes","tt0090509"
"597","Dave","tt8531222"
"598","Farscape","tt0187636"
"599","Lethal Weapon","tt5164196"
"600","My Name","tt12940504"
"601","Bob's Burgers","tt1561755"
"602","Sex and the City","tt0159206"
"603","Away","tt8787802"
"604","Persona","tt7920978"
"605","Ginny & Georgia","tt10813940"
"606","Gossip Girl","tt0397442"
"607","Sugarland","tt4057372"
"608","The Great","tt2235759"
"609","Formula 1: Drive to Survive","tt8289930"
"610","Bad Sisters","tt15469618"
"611","Revenge","tt1837642"
"612","American Vandal","tt6877772"
"613","2 Broke Girls","tt1845307"
"614","Why Women Kill","tt9054904"
"615","Kaguya-sama: Love is War","tt9522300"
"616","Spider-Man: The Animated Series","tt0112175"
"617","Justice League Unlimited","tt6025022"
"618","Stargate Universe","tt1286039"
"619","Humans","tt4122068"
"620","Colony","tt4209256"
"621","Time","tt13138834"
"622","Black Books","tt0262150"
"623","CSI: Crime Scene Investigation","tt0247082"
"624","The Blue Planet","tt0296310"
"625","The Rain","tt6656238"
"626","The Missing","tt3877200"
"627","Babylon 5","tt0105946"
"628","The Bridge","tt1733785"
"629","Another Life","tt8369840"
"630","The Magicians","tt4254242"
"631","Night Sky","tt13361448"
"632","Them","tt9064858"
"633","Solar Opposites","tt8910922"
"634","I May Destroy You","tt11204260"
"635","Falling Skies","tt1462059"
"636","Prodigal Son","tt10327354"
"637","The Silent Sea","tt11570202"
"638","Leverage","tt1103987"
"639","The Tudors","tt0758790"
"640","Invasion","tt0460651"
"641","Undone","tt8101850"
"642","The Fresh Prince of Bel-Air","tt0098800"
"643","Asur: Welcome to Your Dark Side","tt11912196"
"644","Pushing Daisies","tt0925266"
"645","The Politician","tt7971476"
"646","Are You Afraid of the Dark?","tt0103352"
"647","The Purge","tt6110648"
"648","The Nevers","tt8697870"
"649","Mr. Mercedes","tt4354880"
"650","Kidding","tt7375404"
"651","Tandav","tt11117570"
"652","Swarm","tt14961048"
"653","Carnivàle","tt0319969"
"654","Peep Show","tt0387764"
"655","The Affair","tt2699110"
"656","The Jinx: The Life and Deaths of Robert Durst","tt4299972"
"657","Flight of the Conchords","tt0863046"
"658","How to Sell Drugs Online (Fast)","tt9184994"
"659","Goosebumps","tt0111987"
"660","How I Met Your Father","tt14500082"
"661","The Capture","tt8201186"
"662","NCIS","tt0364845"
"663","The Last Man on Earth","tt3230454"
"664","Vera","tt1693592"
"665","The Brothers Sun","tt17632862"
"666","Babylon Berlin","tt4378376"
"667","The Tourist","tt11847842"
"668","TVF Pitchers","tt4742876"
"669","Vigil","tt11846996"
"670","Queen of Tears","tt27668559"
"671","The Good Wife","tt1442462"
"672","Unforgotten","tt4192812"
"673","Girls","tt1723816"
"674","Weeds","tt0439100"
"675","Avenue 5","tt10234362"
"676","SpongeBob SquarePants","tt0206512"
"677","Star Wars: Clone Wars","tt0361243"
"678","Love Victor","tt10166602"
"679","Kingdom","tt3673794"
"680","Quantico","tt4428122"
"681","Foyle's War","tt0310455"
"682","Shooter","tt4181172"
"683","Haikyu!!","tt3398540"
"684","Samurai Champloo","tt0423731"
"685","My Lady Jane","tt11379456"
"686","Knightfall","tt4555364"
"687","Ethos","tt11301642"
"688","Racket Boys","tt14482414"
"689","Hell on Wheels","tt1699748"
"690","Halt and Catch Fire","tt2543312"
"691","Shining Girls","tt2953250"
"692","Only Fools and Horses","tt0081912"
"693","Naruto: Shippuden","tt0988824"
"694","Squid Game: The Challenge","tt28104766"
"695","Beauty and the Beast","tt2193041"
"696","Deadly Class","tt5924572"
"697","Father Ted","tt0111958"
"698","Derek","tt2616280"
"699","Rogue Heroes","tt10405370"
"700","Daybreak","tt8755226"
"701","Flashforward","tt1441135"
"702","Desperate Housewives","tt0410975"
"703","V","tt1307824"
"704","Legacies","tt8103070"
"705","Crash Landing on You","tt10850932"
"706","My Name Is Earl","tt0460091"
"707","Victoria","tt5137338"
"708","Dracula","tt2296682"
"709","Charmed","tt0158552"
"710","The Summer I Turned Pretty","tt14016500"
"711","Alfred Hitchcock Presents","tt0047708"
"712","Sleepy Hollow","tt2647544"
"713","Alcatraz","tt1728102"
"714","Gomorrah","tt2049116"
"715","Dark Winds","tt15017118"
"716","Continuum","tt1954347"
"717","Extraordinary Attorney Woo","tt20869502"
"718","Power","tt3281796"
"719","Wayne","tt7765404"
"720","I Think You Should Leave with Tim Robinson","tt10050772"
"721","Z Nation","tt3843168"
"722","Snowfall","tt6439752"
"723","The North Water","tt7660970"
"724","Welcome to Wrexham","tt14674086"
"725","The Afterparty","tt12614214"
"726","Married... with Children","tt0092400"
"727","Inspector Lewis","tt0874608"
"728","The Librarians","tt3663490"
"729","Krypton","tt4276624"
"730","Those About to Die","tt10569934"
"731","Future Man","tt4975856"
"732","Y: The Last Man","tt8042500"
"733","American Dad!","tt0397306"
"734","Death's Game","tt26225038"
"735","M*A*S*H","tt0068098"
"736","Dororo","tt9458304"
"737","Friday Night Lights","tt0758745"
"738","Black Lightning","tt6045840"
"739","The Borgias","tt1582457"
"740","New Amsterdam","tt0928414"
"741","Mayfair Witches","tt15428778"
"742","The Dragon Prince","tt8688814"
"743","Coupling","tt0237123"
"744","Tracker","tt13875494"
"745","The Good Fight","tt5853176"
"746","Boruto: Naruto Next Generations","tt6342474"
"747","Eastbound & Down","tt0866442"
"748","Supacell","tt16283758"
"749","My Little Pony: Friendship Is Magic","tt1751105"
"750","Ghosts","tt11379026"
"751","Marcella","tt5269594"
"752","Shetland","tt2396135"
"753","Dragon Ball Super","tt4644488"
"754","The O.C.","tt0362359"
"755","Good Girls","tt6474378"
"756","Ben 10","tt0760437"
"757","Batman Beyond","tt0147746"
"758","Crashing","tt5295524"
"759","Love","tt4061080"
"760","Nikita","tt1592154"
"761","Quantum Leap","tt0096684"
"762","Tehran","tt10577736"
"763","The Glory","tt21344706"
"764","Scorpion","tt3514324"
"765","F Is for Family","tt4326894"
"766","Dickinson","tt8518136"
"767","Warehouse 13","tt1132290"
"768","Outcast","tt4229954"
"769","Top Boy","tt1830379"
"770","Rectify","tt2183404"
"771","Gypsy","tt5503718"
"772","Dr. Stone","tt9679542"
"773","9-1-1: Lone Star","tt10323338"
"774","Alexander: The Making of a God","tt27494999"
"775","Everything Sucks!","tt7078710"
"776","Katla","tt11102190"
"777","Grace and Frankie","tt3609352"
"778","Leverage: Redemption","tt12197698"
"779","Xena: Warrior Princess","tt0112230"
"780","Mayans M.C.","tt5715524"
"781","Will Trent","tt17543592"
"782","Cheers","tt0083399"
"783","The Irregulars","tt10893694"
"784","Mystery Science Theater 3000","tt0094517"
"785","Hawaii Five-0","tt1600194"
"786","Gullak","tt10530900"
"787","The Order","tt8295472"
"788","Looking","tt2581458"
"789","Vincenzo","tt13433812"
"790","Death in Paradise","tt1888075"
"791","Parasyte: The Grey","tt21874396"
"792","Fullmetal Alchemist","tt0421357"
"793","Friday Night Dinner","tt1844923"
"794","Elsbeth","tt26591110"
"795","Salvation","tt6170874"
"796","Sweet Home","tt11612120"
"797","Burn Notice","tt0810788"
"798","Blood of Zeus","tt10009170"
"799","Ninja Kamui","tt28480255"
"800","Animal Kingdom","tt5574490"
"801","Masters of Sex","tt2137109"
"802","Bluey","tt7678620"
"803","The Get Down","tt4592410"
"804","Eureka","tt0796264"
"805","Scandal","tt1837576"
"806","Big Sky","tt11794642"
"807","SEAL Team","tt6473344"
"808","Chappelle's Show","tt0353049"
"809","Party Down","tt1073507"
"810","The Consultant","tt16152716"
"811","Alias","tt0285333"
"812","Obliterated","tt11097240"
"813","Drops of God","tt15282746"
"814","Dirty John","tt7945720"
"815","Everybody Loves Raymond","tt0115167"
"816","The King of Queens","tt0165581"
"817","Platonic","tt13366604"
"818","Superman: The Animated Series","tt0115378"
"819","The Last Thing He Told Me","tt13745850"
"820","Miami Vice","tt0086759"
"821","Dominion","tt3079768"
"822","Poldark","tt3636060"
"823","Hinterland","tt2575968"
"824","Skam","tt5288312"
"825","The Golden Girls","tt0088526"
"826","Doctor Foster: A Woman Scorned","tt4602768"
"827","Gintama","tt0988818"
"828","Chicago P.D.","tt2805096"
"829","Uncoupled","tt15466144"
"830","The Rig","tt14273790"
"831","Hometown Cha-Cha-Cha","tt14518756"
"832","Sex/Life","tt10839422"
"833","Breathe","tt6466208"
"834","Mighty Morphin Power Rangers","tt0106064"
"835","A Good Girl's Guide to Murder","tt28118211"
"836","That '90s Show","tt15591076"
"837","Dota: Dragon's Blood","tt14069590"
"838","Sword Art Online","tt2250192"
"839","Hemlock Grove","tt2309295"
"840","Based on a True Story","tt19500224"
"841","The Staircase","tt0388644"
"842","RuPaul's Drag Race","tt1353056"
"843","Bonding","tt7718088"
"844","Fortitude","tt3498622"
"845","My Demon","tt29569035"
"846","Scooby-Doo! Mystery Incorporated","tt1660055"
"847","Borgen","tt1526318"
"848","Shantaram","tt0429087"
"849","Detectorists","tt4082744"
"850","The Sex Lives of College Girls","tt11212276"
"851","Zoo","tt3250026"
"852","Condor","tt6510950"
"853","Fauda","tt4565380"
"854","Teen Titans","tt0343314"
"855","Godfather of Harlem","tt8080122"
"856","Akame ga Kill!","tt3742982"
"857","Medici","tt5057130"
"858","The Thick of It","tt0459159"
"859","The Amazing World of Gumball","tt1942683"
"860","Helix","tt2758950"
"861","ER","tt0108757"
"862","Lilyhammer","tt1958961"
"863","Trailer Park Boys","tt0290988"
"864","3%","tt4922804"
"865","Frontier","tt4686698"
"866","The Bletchley Circle","tt2275990"
"867","MacGyver","tt0088559"
"868","Glitch","tt4192782"
"869","From Dusk Till Dawn: The Series","tt3337194"
"870","Criminal Record","tt21088136"
"871","Death and Other Details","tt15439048"
"872","Rules of Engagement","tt0790772"
"873","The Tomorrow People","tt2660734"
"874","Virgin River","tt9077530"
"875","Insatiable","tt6487482"
"876","Moving","tt24640580"
"877","Miss Fisher's Murder Mysteries","tt1988386"
"878","Broad City","tt2578560"
"879","Dynasty","tt6128300"
"880","Touch","tt1821681"
"881","The Shrink Next Door","tt11947248"
"882","Blue Mountain State","tt1344204"
"883","Bodkin","tt21072112"
"884","Caprica","tt0799862"
"885","Lovely Runner","tt31324295"
"886","Chicago Fire","tt2261391"
"887","Rizzoli & Isles","tt1551632"
"888","TURN: Washington's Spies","tt2543328"
"889","My Brilliant Friend","tt7278862"
"890","The World at War","tt0071075"
"891","The Seven Deadly Sins","tt3909224"
"892","Caliphate","tt11398870"
"893","Bleach","tt0434665"
"894","Dead Like Me","tt0348913"
"895","Mozart in the Jungle","tt3502172"
"896","Trollhunters: Tales of Arcadia","tt1734135"
"897","FBI","tt7491982"
"898","Gurren Lagann","tt0948103"
"899","The Boondocks","tt0373732"
"900","Haven","tt1519931"
"901","The Gift","tt10075318"
"902","White Lines","tt9073958"
"903","StartUp","tt5028002"
"904","Batman","tt0059968"
"905","Mahsun J","tt31027788"
"906","Scooby Doo Where Are You!","tt0063950"
"907","Defiance","tt2189221"
"908","Patriot","tt4687882"
"909","Ripper Street","tt2183641"
"910","The Mosquito Coast","tt11041132"
"911","The Avengers: Earth's Mightiest Heroes","tt1626038"
"912","The Secret Circle","tt1837654"
"913","One Tree Hill","tt0368530"
"914","Trapped","tt3561180"
"915","Harper's Island","tt1232320"
"916","The Lost Flowers of Alice Hart","tt9174718"
"917","Cold Case","tt0368479"
"918","The 4400","tt0389564"
"919","Bad Monkey","tt15203646"
"920","The Returned","tt2521668"
"921","Last Resort","tt2172103"
"922","Jonathan Creek","tt0118363"
"923","S.W.A.T.","tt6111130"
"924","Don't Trust the B---- in Apartment 23","tt1819509"
"925","The Ranch","tt4998212"
"926","Blue Lights","tt14466018"
"927","The Artful Dodger","tt20285780"
"928","Ben 10: Alien Force","tt1192169"
"929","Delhi Crime","tt9398466"
"930","The Closer","tt0458253"
"931","The Musketeers","tt2733252"
"932","Strike Back","tt1492179"
"933","Special OPS","tt11854694"
"934","Camelot","tt1672189"
"935","The Outer Limits","tt0056777"
"936","Taali","tt22531848"
"937","The Mighty Boosh","tt0416394"
"938","Dash & Lily","tt1758589"
"939","King of the Hill","tt0118375"
"940","Cruel Summer","tt11083696"
"941","Blue Bloods","tt1595859"
"942","Deadloch","tt14671678"
"943","The Kingdom","tt0108906"
"944","Genius","tt5673782"
"945","Nip/Tuck","tt0361217"
"946","Moonlight","tt0955346"
"947","Queen of the South","tt1064899"
"948","La Brea","tt11640018"
"949","The Mechanism","tt6873658"
"950","Mom","tt2660806"
"951","Two Guys a Girl and a Pizza Place","tt0137330"
"952","Dragon Ball","tt0088509"
"953","Episodes","tt1582350"
"954","The Resident","tt6483832"
"955","Extant","tt3155320"
"956","The Outlaws","tt11646832"
"957","Wentworth","tt2433738"
"958","I Love Lucy","tt0043208"
"959","Legend of the Seeker","tt0844653"
"960","One Day at a Time","tt5339440"
"961","Life on Mars","tt0478942"
"962","Boston Legal","tt0402711"
"963","Victorious","tt1604099"
"964","Terminator Zero","tt14153236"
"965","Alchemy of Souls","tt20859920"
"966","The Mick","tt5638056"
"967","Vis a vis","tt4524056"
"968","School Spirits","tt21057450"
"969","Intelligence","tt2693776"
"970","Life","tt0874936"
"971","CSI: Miami","tt0313043"
"972","My So-Called Life","tt0108872"
"973","Chicago Med","tt4655480"
"974","Van Helsing","tt5197820"
"975","Whitechapel","tt1186356"
"976","Damages","tt0914387"
"977","Dragon Ball GT","tt0139774"
"978","Hostel Daze","tt11407524"
"979","Arkadas Canlisi","tt17543878"
"980","Bored to Death","tt1255913"
"981","You're the Worst","tt3228420"
"982","Vikingane","tt5905354"
"983","Perry Mason","tt0050051"
"984","Comedians in Cars Getting Coffee","tt2314952"
"985","Gavin & Stacey","tt0908454"
"986","Bottom","tt0103376"
"987","The 8 Show","tt30423279"
"988","Hercules: The Legendary Journeys","tt0111999"
"989","Awake","tt1839683"
"990","Yes Minister","tt0080306"
"991","Saved by the Bell","tt0096694"
"992","Britannia","tt5932548"
"993","The Nanny","tt0106080"
"994","Father Brown","tt2215842"
"995","Transparent","tt3502262"
"996","Bull","tt5827228"
"997","Crazy Ex-Girlfriend","tt4094300"
"998","The Adventures of Tintin","tt0179552"
"999","Will & Grace","tt0157246"
"1000","Studio 60 on the Sunset Strip","tt0485842"
"1001","Millennium","tt0115270"
"1002","Assassination Classroom","tt3837246"
"1003","Maxton Hall: The World Between Us","tt27792190"
"1004","Dear White People","tt5707802"
"1005","Call the Midwife","tt1983079"
"1006","Extraordinary","tt14531842"
"1007","Killjoys","tt3952222"
"1008","Palm Royale","tt8888540"
"1009","Reign","tt2710394"
"1010","Magnum P.I.","tt0080240"
"1011","Dark Angel","tt0204993"
"1012","3rd Rock from the Sun","tt0115082"
"1013","Renegade Nell","tt14502758"
"1014","Catastrophe","tt4374208"
"1015","NewsRadio","tt0112095"
"1016","Friends from College","tt5565334"
"1017","The League","tt1480684"
"1018","Primeval","tt0808096"
"1019","Spawn","tt0118475"
"1020","Miranda","tt1533435"
"1021","Doc Martin","tt0408381"
"1022","The River","tt1836195"
"1023","An Idiot Abroad","tt1702042"
"1024","Insecure","tt5024912"
"1025","The Wonder Years","tt0094582"
"1026","Law & Order: Criminal Intent","tt0275140"
"1027","Bloodhounds","tt26315487"
"1028","Fuller House","tt3986586"
"1029","Dr. Death","tt9179552"
"1030","Madam Secretary","tt3501074"
"1031","I'm Alan Partridge","tt0129690"
"1032","Salem","tt2963254"
"1033","Courage the Cowardly Dog","tt0220880"
"1034","Joey","tt0375355"
"1035","Ebb and Tide","tt3150586"
"1036","Business Proposal","tt14819828"
"1037","El Chapo","tt6692188"
"1038","Famagusta","tt28136595"
"1039","A Young Doctor's Notebook & Other Stories","tt2164430"
"1040","Modern Love Mumbai","tt18247152"
"1041","Firefly Lane","tt9012876"
"1042","Ben 10: Ultimate Alien","tt1622696"
"1043","Delicious in Dungeon","tt21621494"
"1044","Drake & Josh","tt0363328"
"1045","House of Ninjas","tt22012992"
"1046","Please Like Me","tt2155025"
"1047","Tires","tt31491435"
"1048","Jane the Virgin","tt3566726"
"1049","The A-Team","tt0084967"
"1050","A Touch of Frost","tt0108967"
"1051","Resurrection","tt2647586"
"1052","Psycho-Pass","tt2379308"
"1053","Paradise PD","tt8235236"
"1054","Workaholics","tt1610527"
"1055","Absolutely Fabulous","tt0105929"
"1056","Star vs. the Forces of Evil","tt2758770"
"1057","Insider","tt6051216"
"1058","Raising Hope","tt1615919"
"1059","The Dresden Files","tt0486657"
"1060","Kaos","tt8550732"
"1061","Hart of Dixie","tt1832979"
"1062","Bewitched","tt0057733"
"1063","The Empire","tt15012366"
"1064","Little House on the Prairie","tt0071007"
"1065","Ordem Paranormal","tt12245638"
"1066","NCIS: Los Angeles","tt1378167"
"1067","Heeramandi: The Diamond Bazaar","tt15204292"
"1068","Hung","tt1229413"
"1069","Dawson's Creek","tt0118300"
"1070","Kim's Convenience","tt5912064"
"1071","The Middle","tt1442464"
"1072","High School DxD","tt2230051"
"1073","Tyrant","tt2568204"
"1074","iCarly","tt0972534"
"1075","Versailles","tt3830558"
"1076","Very Parivarik","tt31862849"
"1077","The Goldbergs","tt2712740"
"1078","CSI: NY","tt0395843"
"1079","Phineas and Ferb","tt0852863"
"1080","Trigun","tt0251439"
"1081","Flames","tt7927936"
"1082","Letterkenny","tt4647692"
"1083","The Event","tt1582459"
"1084","The Vicar of Dibley","tt0108981"
"1085","Witches of East End","tt2288064"
"1086","Black Lagoon","tt0962826"
"1087","Southland","tt1299368"
"1088","Lois & Clark: The New Adventures of Superman","tt0106057"
"1089","Body of Proof","tt1587669"
"1090","Alphas","tt1183865"
"1091","Roswell","tt0201391"
"1092","Leyla and Mecnun","tt1831164"
"1093","ALF","tt0090390"
"1094","The Equalizer","tt11242246"
"1095","Loudermilk","tt5957766"
"1096","Law & Order","tt0098844"
"1097","Girlboss","tt5706996"
"1098","The Tattooist of Auschwitz","tt9022422"
"1099","KILL la KILL","tt3114390"
"1100","Angel Beats!","tt1639109"
"1101","Toradora!","tt1279024"
"1102","The Venture Bros.","tt0417373"
"1103","NCIS: New Orleans","tt3560084"
"1104","Pan Am","tt1826805"
"1105","Last Week Tonight with John Oliver","tt3530232"
"1106","Wonderfalls","tt0361256"
"1107","Wilderness","tt15426714"
"1108","Guardian: The Lonely and Great God","tt5994364"
"1109","666 Park Avenue","tt2197797"
"1110","In the Flesh","tt2480514"
"1111","Full House","tt0092359"
"1112","Queer Eye","tt7259746"
"1113","Lost Girl","tt1429449"
"1114","Ghost Whisperer","tt0460644"
"1115","Chicken Nugget","tt28642797"
"1116","Empire","tt3228904"
"1117","Boy Meets World","tt0105958"
"1118","Last Man Standing","tt1828327"
"1119","Numb3rs","tt0433309"
"1120","Lovesick","tt4051832"
"1121","Roseanne","tt0094540"
"1122","Red Queen","tt20883126"
"1123","Ringer","tt1819654"
"1124","Murdoch Mysteries","tt1091909"
"1125","The Finder","tt1943524"
"1126","Guns & Gulaabs","tt17524566"
"1127","Keeping Up Appearances","tt0098837"
"1128","Campus Diaries","tt15295490"
"1129","Major Crimes","tt1936532"
"1130","The Addams Family","tt0057729"
"1131","Happy Endings","tt1587678"
"1132","Perception","tt1714204"
"1133","Ashes to Ashes","tt1008108"
"1134","XO Kitty","tt14490706"
"1135","Cranford","tt0974077"
"1136","The Dick Van Dyke Show","tt0054533"
"1137","Covert Affairs","tt1495708"
"1138","Better Off Ted","tt1235547"
"1139","Fresh Off the Boat","tt3551096"
"1140","Clannad","tt1118804"
"1141","Final Draft","tt17444636"
"1142","Permanent Roommates","tt4156586"
"1143","Wolverine and the X-Men","tt0772145"
"1144","Daria","tt0118298"
"1145","Cougar Town","tt1441109"
"1146","MI-5","tt0160904"
"1147","Clone High","tt0305011"
"1148","Home Improvement","tt0101120"
"1149","The Pit","tt7431994"
"1150","Little Britain","tt0358856"
"1151","Wire in the Blood","tt0337792"
"1152","The Cleveland Show","tt1195935"
"1153","Tru Calling","tt0364817"
"1154","Sanctuary","tt0965394"
"1155","Heartland","tt1094229"
"1156","Terriers","tt1493239"
"1157","The Completely Made-Up Adventures of Dick Turpin","tt19516036"
"1158","Yu Yu Hakusho: Ghost Files","tt0185133"
"1159","Kyle XY","tt0756509"
"1160","The New Look","tt18177528"
"1161","Human Target","tt1439741"
"1162","Everybody Hates Chris","tt0460637"
"1163","Sliders","tt0112167"
"1164","The Mindy Project","tt2211129"
"1165","Between Two Ferns with Zach Galifianakis","tt1535002"
"1166","The Future Diary","tt2069441"
"1167","Wilfred","tt1703925"
"1168","Northern Exposure","tt0098878"
"1169","Murdaugh Murders: A Southern Scandal","tt26340238"
"1170","Ezel","tt1534360"
"1171","Ergo Proxy","tt0791205"
"1172","Medium","tt0412175"
"1173","Jeeves and Wooster","tt0098833"
"1174","Time Bandits","tt1928307"
"1175","Itaewon Class","tt11239552"
"1176","Queer as Folk","tt0262985"
"1177","My Life with the Walter Boys","tt8323628"
"1178","Physical: 100","tt25274446"
"1179","Hannah Montana","tt0493093"
"1180","Unforgettable","tt1842530"
"1181","On My Block","tt7879820"
"1182","Buck Rogers in the 25th Century","tt0078579"
"1183","Key and Peele","tt1981558"
"1184","The Thin Blue Line","tt0112194"
"1185","Magic City","tt1832045"
"1186","A Shop for Killers","tt26450613"
"1187","The Fosters","tt2262532"
"1188","Who Killed Sara?","tt11937816"
"1189","Breathe: Into the Shadows","tt12405230"
"1190","The Batman","tt0398417"
"1191","The Unit","tt0460690"
"1192","X-Men: Evolution","tt0247827"
"1193","Nurse Jackie","tt1190689"
"1194","Clerks","tt0210413"
"1195","Being Human","tt1349938"
"1196","Private Practice","tt0972412"
"1197","Sabrina the Teenage Witch","tt0115341"
"1198","The League of Gentlemen","tt0184135"
"1199","Invader ZIM","tt0235923"
"1200","Undeclared","tt0273028"
"1201","Treme","tt1279972"
"1202","The L Word","tt0330251"
"1203","Sweet Magnolias","tt9077540"
"1204","United States of Tara","tt1001482"
"1205","Ugly Betty","tt0805669"
"1206","Brickleberry","tt2022713"
"1207","Go On","tt2300923"
"1208","The Eric Andre Show","tt2244495"
"1209","All in the Family","tt0066626"
"1210","Big Love","tt0421030"
"1211","Parenthood","tt1416765"
"1212","A Killer Paradox","tt28642796"
"1213","Black-ish","tt3487356"
"1214","Operation MBBS","tt11775988"
"1215","Devious Maids","tt2226342"
"1216","The Tick","tt0112196"
"1217","Younger","tt3288518"
"1218","New Tricks","tt0362357"
"1219","Brass Eye","tt0118273"
"1220","Ultimate Spider-Man","tt1722512"
"1221","What's New Scooby-Doo?","tt0306274"
"1222","Ghost in the Shell: Stand Alone Complex","tt0346314"
"1223","My Mad Fat Diary","tt2407574"
"1224","Robin Hood","tt0787985"
"1225","Rocket Boys","tt13868972"
"1226","The Bold Type","tt6116060"
"1227","Red Eye","tt23897504"
"1228","TVF Tripling","tt6005644"
"1229","I Dream of Jeannie","tt0058815"
"1230","Andromeda","tt0213327"
"1231","The Flintstones","tt0053502"
"1232","Life in Pieces","tt4384086"
"1233","DuckTales","tt0092345"
"1234","Lucky Louie","tt0460619"
"1235","Awkward.","tt1663676"
"1236","House of Lies","tt1797404"
"1237","The Incredible Hulk","tt0077031"
"1238","DreamWorks Dragons","tt2325846"
"1239","Anger Management","tt1986770"
"1240","The Angry Video Game Nerd","tt1230180"
"1241","Gargoyles","tt0108783"
"1242","Hustle","tt0379632"
"1243","Wizards of Waverly Place","tt0799922"
"1244","Eerie Indiana","tt0101088"
"1245","Reaper","tt0955322"
"1246","Batman: The Brave and the Bold","tt1213218"
"1247","Silent Witness","tt0115355"
"1248","Three's Company","tt0075596"
"1249","Ally McBeal","tt0118254"
"1250","The Glades","tt1552112"
"1251","Yu-Gi-Oh!","tt0249327"
"1252","Get Smart","tt0058805"
"1253","Criminal Justice","tt9095260"
"1254","Baccano!","tt1334722"
"1255","Highlander","tt0103442"
"1256","LazyTown","tt0396991"
"1257","Taskmaster","tt4934214"
"1258","The Suite Life of Zack & Cody","tt0426371"
"1259","Gunsmoke","tt0047736"
"1260","Rescue Me","tt0381798"
"1261","The Mary Tyler Moore Show","tt0065314"
"1262","Mushi-Shi","tt0807832"
"1263","Nashville","tt2281375"
"1264","Still Game","tt0281491"
"1265","Dirin Dirin","tt11070216"
"1266","Great Teacher Onizuka","tt0315008"
"1267","Flashpoint","tt1059475"
"1268","Aqua Teen Hunger Force","tt0297494"
"1269","The Valley of the Wolves","tt0421384"
"1270","Marry My Husband","tt26628595"
"1271","College Romance","tt8809646"
"1272","Cereal Time TV","tt7389552"
"1273","Drawn Together","tt0386180"
"1274","Mortal Kombat: Conquest","tt0170982"
"1275","Total Drama","tt1173427"
"1276","Dinosaurs","tt0101081"
"1277","The Powerpuff Girls","tt0175058"
"1278","The Big C","tt1515193"
"1279","Pill","tt32729607"
"1280","Video Game High School","tt2170584"
"1281","Fighting Spirit","tt0481256"
"1282","Portlandia","tt1780441"
"1283","The Royle Family","tt0129711"
"1284","Knight Rider","tt1213404"
"1285","Supersex","tt22325774"
"1286","The Muppet Show","tt0074028"
"1287","The Decameron","tt21831910"
"1288","Descendants of the Sun","tt4925000"
"1289","Knowing Me Knowing You with Alan Partridge","tt0108828"
"1290","Undercover","tt1909015"
"1291","Las Vegas","tt0364828"
"1292","Yeh Meri Family","tt8595766"
"1293","Claymore","tt0985344"
"1294","The Young Indiana Jones Chronicles","tt0103586"
"1295","Cowboy Jim and Benny's Wild West Show","tt31564756"
"1296","Kitchen Nightmares","tt0983514"
"1297","The Carrie Diaries","tt2056366"
"1298","Still Standing","tt0320970"
"1299","No Ordinary Family","tt1591493"
"1300","Hot in Cleveland","tt1583607"
"1301","In Treatment","tt0835434"
"1302","Maamla Legal Hai","tt31183656"
"1303","Smash","tt1825133"
"1304","Turning Point: The Bomb and the Cold War","tt26227818"
"1305","Fairy Tail","tt1528406"
"1306","Da Ali G Show","tt0241088"
"1307","Mike & Molly","tt1608180"
"1308","Adventures of Superman","tt0044231"
"1309","Shark","tt0805666"
"1310","Suburgatory","tt1741256"
"1311","Impractical Jokers","tt2100976"
"1312","Graceland","tt2393813"
"1313","Mr. Show with Bob and David","tt0112084"
"1314","The Larry Sanders Show","tt0103466"
"1315","Survivor","tt0239195"
"1316","The Ren & Stimpy Show","tt0101178"
"1317","Secret Diary of a Call Girl","tt1000734"
"1318","Surface","tt0452718"
"1319","Without a Trace","tt0321021"
"1320","Saturday Night Live","tt0072562"
"1321","Mumbai Diaries","tt12714854"
"1322","Metalocalypse","tt0839188"
"1323","Day Break","tt0801425"
"1324","Darkwing Duck","tt0101076"
"1325","The Black Donnellys","tt0805661"
"1326","JAG","tt0112022"
"1327","Hey Arnold!","tt0115200"
"1328","Animaniacs","tt0105941"
"1329","Mr Selfridge","tt2310212"
"1330","H2O: Just Add Water","tt0491603"
"1331","Beavis and Butt-Head","tt0105950"
"1332","Beverly Hills 90210","tt0098749"
"1333","Kim Possible","tt0278866"
"1334","Degrassi: The Next Generation","tt0288937"
"1335","What's Wrong with Secretary Kim","tt8242904"
"1336","Fresh Meat","tt2058303"
"1337","Inspector Avinash","tt13847564"
"1338","Teenage Mutant Ninja Turtles","tt0318913"
"1339","Good Luck Charlie","tt1415889"
"1340","Homicide: Life on the Street","tt0106028"
"1341","Dahaad","tt19868314"
"1342","Space: Above and Beyond","tt0112173"
"1343","According to Jim","tt0285351"
"1344","The Dukes of Hazzard","tt0078607"
"1345","Baby Daddy","tt2177489"
"1346","90210","tt1225901"
"1347","Rookie Blue","tt1442065"
"1348","Kojak","tt0069599"
"1349","Sports Night","tt0165961"
"1350","Welcome to the N.H.K.","tt0857297"
"1351","The New Adventures of Old Christine","tt0462128"
"1352","Danny Phantom","tt0366005"
"1353","Outnumbered","tt1086191"
"1354","Pretenders","tt0316613"
"1355","Waking the Dead","tt0259733"
"1356","Stromberg","tt0428167"
"1357","A Round of Applause","tt31049778"
"1358","Dexter's Laboratory","tt0115157"
"1359","The Suite Life on Deck","tt1181917"
"1360","Baywatch","tt0096542"
"1361","Robot Chicken","tt0437745"
"1362","The Cosby Show","tt0086687"
"1363","Leave It to Beaver","tt0050032"
"1364","The Ricky Gervais Show","tt1553644"
"1365","Pokémon","tt0168366"
"1366","Corner Gas","tt0397138"
"1367","Just Shoot Me!","tt0118364"
"1368","The Fairly OddParents","tt0235918"
"1369","The Pretender","tt0115320"
"1370","The Wheel of Time: Origins","tt16358754"
"1371","Green Wing","tt0423661"
"1372","Lexx","tt0115243"
"1373","Dirilis: Ertugrul","tt4320258"
"1374","NYPD Blue","tt0106079"
"1375","Penn & Teller: Bullshit!","tt0346369"
"1376","Big Time Rush","tt1131746"
"1377","Kübra","tt26760483"
"1378","Samantha Who?","tt0898332"
"1379","The Jetsons","tt0055683"
"1380","Æon Flux","tt0111873"
"1381","Survivors","tt1258189"
"1382","My Wife and Kids","tt0273855"
"1383","How to Make It in America","tt1299365"
"1384","Aaahh!!! Real Monsters","tt0108684"
"1385","Royal Pains","tt1319735"
"1386","Geek Girl","tt26426076"
"1387","The Dead Zone","tt0281432"
"1388","Rurouni Kenshin","tt0182629"
"1389","Workin' Moms","tt6143796"
"1390","Behzat Ç: An Ankara Detective Story","tt1795096"
"1391","Strong Girl Bong-soon","tt6263222"
"1392","The Rifleman","tt0051308"
"1393","John Doe","tt0320038"
"1394","Spin City","tt0115369"
"1395","In Plain Sight","tt0935095"
"1396","Gyaarah Gyaarah","tt26915338"
"1397","Teen Titans Go!","tt2771780"
"1398","Grounded for Life","tt0255734"
"1399","Eli Stone","tt0892535"
"1400","Recess","tt0126170"
"1401","Ed Edd n Eddy","tt0184111"
"1402","8 Simple Rules","tt0312081"
"1403","Strangers with Candy","tt0194624"
"1404","Dharma & Greg","tt0118303"
"1405","MythBusters","tt0383126"
"1406","Dirty Sexy Money","tt0960136"
"1407","Bad Education","tt2337840"
"1408","Family Matters","tt0096579"
"1409","Jab Mila Tu","tt30836099"
"1410","Sunflower","tt13304410"
"1411","Outlaw Star","tt0266171"
"1412","Apharan","tt8392006"
"1413","Drop Dead Diva","tt1280822"
"1414","Jackass","tt0264263"
"1415","My Love from Another Star","tt3469052"
"1416","Mistresses","tt2295809"
"1417","Dr. Quinn Medicine Woman","tt0103405"
"1418","Lark Rise to Candleford","tt1077744"
"1419","Zoey 101","tt0415463"
"1420","Brothers & Sisters","tt0758737"
"1421","Four More Shots Please","tt8242548"
"1422","Phoenix Nights","tt0273379"
"1423","Crossing Jordan","tt0284718"
"1424","Isler Güçler","tt2311418"
"1425","Mad About You","tt0103484"
"1426","Jessie","tt1865769"
"1427","Life Unexpected","tt1442109"
"1428","Inuyasha","tt0290223"
"1429","Reno 911!","tt0370194"
"1430","Ed","tt0247091"
"1431","Harvey Birdman Attorney at Law","tt0294097"
"1432","Ouran High School Host Club","tt0816397"
"1433","Outsourced","tt1593756"
"1434","The Rose and the Thorn","tt0424754"
"1435","Bonanza","tt0052451"
"1436","Due South","tt0108756"
"1437","Wings","tt0098948"
"1438","Through the Wormhole","tt1513168"
"1439","Pinky and the Brain","tt0112123"
"1440","Walker Texas Ranger","tt0106168"
"1441","Happy Days","tt0070992"
"1442","The Kids in the Hall","tt0096626"
"1443","Melissa & Joey","tt1597420"
"1444","Soul Eater","tt1214085"
"1445","Farouk Omar","tt2063241"
"1446","Gaanth Chapter 1: Jamnaa Paar","tt28102654"
"1447","Rugrats","tt0101188"
"1448","Home Movies","tt0197159"
"1449","Air Crash Investigation","tt0386950"
"1450","Not Going Out","tt0862614"
"1451","Becker","tt0174378"
"1452","Christina Grimmie Zeldaxlove 64","tt21099140"
"1453","The Practice","tt0118437"
"1454","Top Gear","tt1628033"
"1455","Static Shock","tt0247729"
"1456","Switched at Birth","tt1758772"
"1457","The Adventures of Pete & Pete","tt0105933"
"1458","The Critic","tt0108734"
"1459","Rana Naidu","tt15471900"
"1460","Rocko's Modern Life","tt0106115"
"1461","Reba","tt0284722"
"1462","Sonny with a Chance","tt1252374"
"1463","The Adventures of Jimmy Neutron Boy Genius","tt0320808"
"1464","The Lying Game","tt1798274"
"1465","That's So Raven","tt0300865"
"1466","Melrose Place","tt0103491"
"1467","Digimon: Digital Monsters","tt0210418"
"1468","British Men Behaving Badly","tt0101143"
"1469","Jackie Chan Adventures","tt0259141"
"1470","Felicity","tt0134247"
"1471","Brotherhood","tt0457229"
"1472","BloodHounds Inc","tt0249280"
"1473","Darker Than Black","tt0995941"
"1474","Gantz","tt0434685"
"1475","Codename: Kids Next Door","tt0312109"
"1476","Relic Hunter","tt0207919"
"1477","Frisky Dingo","tt0865409"
"1478","Aashram","tt12805346"
"1479","The Guild","tt1138475"
"1480","Ancient Aliens","tt1643266"
"1481","Everwood","tt0318883"
"1482","Beast Wars: Transformers","tt0115108"
"1483","The Drew Carey Show","tt0111945"
"1484","Ranneeti: Balakot & Beyond","tt28681409"
"1485","The Love Boat","tt0075529"
"1486","Johnny Bravo","tt0118360"
"1487","Tim and Eric Awesome Show Great Job!","tt0912343"
"1488","Greek","tt0976014"
"1489","Raising Voices","tt22188654"
"1490","Law of the Lawless","tt0337898"
"1491","Shaun the Sheep","tt0983983"
"1492","La Femme Nikita","tt0118379"
"1493","Boys Over Flowers","tt1370334"
"1494","Forbidden Love","tt1286677"
"1495","Hell's Kitchen","tt0437005"
"1496","The Beverly Hillbillies","tt0055662"
"1497","Black Butler","tt1316554"
"1498","Initial D: First Stage","tt0385426"
"1499","Killer Soup","tt22297290"
"1500","The Oblongs","tt0219446"
"1501","Lizzie McGuire","tt0273366"
"1502","The Odd Couple","tt0065329"
"1503","QI","tt0380136"
"1504","The Penguins of Madagascar","tt0892700"
"1505","Forensic Files","tt0247882"
"1506","TaleSpin","tt0098924"
"1507","Ciclo Agatha Christie","tt0784674"
"1508","Kenny vs. Spenny","tt0384746"
"1509","My Family","tt0257315"
"1510","Sarabhai V/S Sarabhai","tt1518542"
"1511","Doug","tt0101084"
"1512","The Forsyte Saga","tt0260615"
"1513","Third Watch","tt0197182"
"1514","Doctor Slump","tt27135274"
"1515","Ned's Declassified School Survival Guide","tt0405576"
"1516","CatDog","tt0154061"
"1517","The Big Lez Show","tt5804986"
"1518","Early Edition","tt0115163"
"1519","The War at Home","tt0460692"
"1520","Heirs","tt3243098"
"1521","Popular","tt0202748"
"1522","7th Heaven","tt0115083"
"1523","Foster's Home for Imaginary Friends","tt0419326"
"1524","Lipstick Jungle","tt0489606"
"1525","Inspector Gadget","tt0085033"
"1526","Joan of Arcadia","tt0367345"
"1527","The Grim Adventures of Billy & Mandy","tt0292800"
"1528","Viva la Bam","tt0382501"
"1529","'Til Death","tt0759475"
"1530","Sealab 2021","tt0278877"
"1531","The Neon Tiki Tribe Series","tt2192747"
"1532","Party of Five","tt0108894"
"1533","90's - A Middle Class Biopic","tt29764006"
"1534","Step by Step","tt0101205"
"1535","The Filthy Frank Show","tt4202274"
"1536","Crackdown","tt12701270"
"1537","Keeping Up with the Kardashians","tt1086761"
"1538","Ghost Adventures","tt1319900"
"1539","George Lopez","tt0310460"
"1540","Man vs. Wild","tt0883772"
"1541","Freakazoid!","tt0111970"
"1542","Jersey Shore","tt1563069"
"1543","Winx Club","tt0421482"
"1544","American Dragon: Jake Long","tt0429305"
"1545","Murphy Brown","tt0094514"
"1546","Touched by an Angel","tt0108968"
"1547","The Yogi Bear Show","tt0255768"
"1548","Slings and Arrows","tt0387779"
"1549","The Smurfs","tt0081933"
"1550","Aladdin","tt0105935"
"1551","Lilo & Stitch: The Series","tt0364774"
"1552","The Amazing Race","tt0285335"
"1553","Childrens Hospital","tt1325113"
"1554","Barareh Nights","tt0493331"
"1555","The Great British Baking Show","tt1877368"
"1556","The Magic School Bus","tt0108847"
"1557","Tiny Toon Adventures","tt0098929"
"1558","The Magnificent Century","tt1848220"
"1559","Nash Bridges","tt0115285"
"1560","Heimat II: A Chronicle of a Generation","tt7163910"
"1561","Shake It Up","tt1661326"
"1562","Kenan & Kel","tt0115231"
"1563","The Melancholy of Haruhi Suzumiya","tt0816407"
"1564","Britain's Finest","tt0413547"
"1565","The Reward: Tales of Alethrion","tt30293071"
"1566","Big Train","tt0178126"
"1567","That Mitchell and Webb Look","tt0499410"
"1568","Minecraft Epic","tt10680606"
"1569","Duckman: Private Dick/Family Man","tt0108755"
"1570","Cow and Chicken","tt0118289"
"1571","Mr. Bean: The Animated Series","tt0280277"
"1572","Digimon Adventure","tt0211145"
"1573","Even Stevens","tt0206511"
"1574","Martin","tt0103488"
"1575","Cardcaptor Sakura","tt0221735"
"1576","Detective Conan","tt0131179"
"1577","Chowder","tt1140100"
"1578","Life Beyond","tt11316324"
"1579","Bicchoo Ka Khel","tt12987728"
"1580","The Marvelous Misadventures of Flapjack","tt1178180"
"1581","Ramayan","tt0268093"
"1582","Mahabharat","tt0158417"
"1583","What I Like About You","tt0321018"
"1584","Best of the Worst","tt3787912"
"1585","The Proud Family","tt0293737"
"1586","Whose Line Is It Anyway?","tt0163507"
"1587","The Lone Ranger","tt0041038"
"1588","Make It or Break It","tt1332030"
"1589","Life with Louie","tt0112047"
"1590","Dragnet","tt0043194"
"1591","McLeod's Daughters","tt0292414"
"1592","The Secret Life of the American Teenager","tt1179817"
"1593","Timon & Pumbaa","tt0112197"
"1594","Would I Lie to You?","tt1055238"
"1595","My Life as a Teenage Robot","tt0318233"
"1596","Kursadzije","tt14192814"
"1597","Cowboys of Thunder","tt21278628"
"1598","Norm Macdonald Live","tt6407712"
"1599","Sister Sister","tt0108927"
"1600","Vratice se rode","tt1043822"
"1601","In the Nick of Time","tt0491739"
"1602","Loriot","tt1594770"
"1603","Prophet Joseph","tt3084150"
"1604","The Last Drive-In with Joe Bob Briggs","tt8284230"
"1605","Otvorena vrata","tt0191714"
"1606","Shaman King","tt0367409"
"1607","Red vs. Blue","tt0401747"
"1608","As Told by Ginger","tt0235911"
"1609","Halloween Obsessed","tt13049430"
"1610","The Angry Beavers","tt0131664"
"1611","Sailor Moon","tt0114327"
"1612","The Mask","tt0112064"
"1613","The Carol Burnett Show","tt0061240"
"1614","In the SOOP BTS Ver.","tt13191804"
"1615","Het eiland","tt0401001"
"1616","Goof Troop","tt0103428"
"1617","Hiç Komik Degil","tt13045860"
"1618","Big Brother","tt0251497"
"1619","Father Knows Best","tt0046600"
"1620","Happy Tree Friends","tt0770762"
"1621","Totally Spies!","tt0283226"
"1622","The Bugs Bunny Show","tt0053488"
"1623","Herne Katha","tt8103440"
"1624","The Bernie Mac Show","tt0285341"
"1625","Arthur","tt0169414"
"1626","The Wild Thornberrys","tt0167743"
"1627","Garfield and Friends","tt0094469"
"1628","Dr. Katz Professional Therapist","tt0111942"
"1629","Shark Tank","tt1442550"
"1630","Illegal - Justice Out of Order","tt10308632"
"1631","Half in the Bag","tt2348531"
"1632","Suspense","tt0041061"
"1633","Inside Look: The People v. O.J. Simpson - American Crime Story","tt6205862"
"1634","Call Me Kevin","tt10116578"
"1635","Rocket Power","tt0244926"
"1636","Judging Amy","tt0209069"
"1637","Taz-Mania","tt0103562"
"1638","The Man with a Thousand Faces","tt2658222"
"1639","Chris/tina","tt2299801"
"1640","Avrupa Yakasi","tt0421291"
"1641","Hercules","tt0138967"
"1642","Tosh.0","tt1430587"
"1643","The Apprentice","tt0364782"
"1644","Camp Lazlo!","tt0419315"
"1645","The Huckleberry Hound Show","tt0051283"
"1646","Project Runway","tt0437741"
"1647","America's Next Top Model","tt0363307"
"1648","Kraft Theatre","tt0039123"
"1649","OverSimplified","tt12291006"
"1650","Dropout Presents","tt32323260"
"1651","SnapCube's Real-Time Fandub","tt10593126"
"1652","America's Got Talent","tt0759364"
"1653","Pawn Stars","tt1492088"
"1654","Phil of the Future","tt0340281"
"1655","Guns and Thighs","tt6923554"
"1656","Al-Zeer Salem","tt3109706"
"1657","The Graham Norton Show","tt0924651"
"1658","American Idol","tt0319931"
"1659","Johnny Test","tt0454349"
"1660","ONE","tt19385824"
"1661","The Emperor's New School","tt0465327"
"1662","Kaamelott","tt0441059"
"1663","Top Chef","tt0765425"
"1664","Bangkok Blossom","tt31183869"
"1665","Clarissa Explains It All","tt0101065"
"1666","Kuch Kuch Film Jaisi","tt23457644"
"1667","Punk'd","tt0361227"
"1668","Scott the Woz","tt8788222"
"1669","Love Thy Family","tt1612937"
"1670","Paurashpur","tt13439476"
"1671","Mad TV","tt0112056"
"1672","Man v. Food","tt1342711"
"1673","Studio One","tt0040051"
"1674","Beyblade","tt0328733"
"1675","Beautiful Homes & Great Estates","tt0416349"
"1676","BnfTV","tt15382090"
"1677","The Jengaburu Curse","tt27327718"
"1678","Yes Dear","tt0247144"
"1679","Fear Factor","tt0278191"
"1680","Real Time with Bill Maher","tt0350448"
"1681","Thanamalvila Kollek","tt12187604"
"1682","The Kill Count","tt7415686"
"1683","The George Lucas Talk Show","tt12661310"
"1684","Dirty Jobs","tt0458259"
"1685","WWE Raw","tt0185103"
"1686","What's My Line?","tt0042168"
"1687","V.I.P.","tt0134269"
"1688","Water Helps the Blood Run","tt11524214"
"1689","Late Show with David Letterman","tt0106053"
"1690","Power Rangers Anti Bullying","tt8363486"
"1691","Blood Banquet Theatre","tt5735236"
"1692","A Celebrity's Guide to Giving","tt9426096"
"1693","Byomkesh Bakshi","tt0157217"
"1694","The Joy of Painting","tt0383795"
"1695","The Adventures of Lano & Woodley","tt0118250"
"1696","All of Them Unacceptable","tt0220196"
"1697","Eyes on the Prize","tt0092999"
"1698","The Unemployment of Danny London","tt1792500"
"1699","Geek Girl Problems","tt6102600"
"1700","The Kevin & Nikee Show","tt9163854"
"1701","The Island","tt1708523"
"1702","Saturday Frightmares","tt10448568"
"1703","Dragon Ball Z Abridged","tt10710138"
"1704","Deadliest Catch","tt0446809"
"1705","Kabhi Main Kabhi Tum","tt32827574"
"1706","The Hills","tt0489598"
"1707","31 minutos","tt0376364"
"1708","The Daily Show","tt0115147"
"1709","1pm Daily Update","tt12511606"
"1710","Dancing with the Stars","tt0463398"
"1711","Departures","tt1320363"
"1712","Tash ma Tash","tt5851616"
"1713","Geografens testamente","tt8088236"
"1714","Retro bus. Soviet buses","tt10873588"
"1715","The Tonight Show with Jay Leno","tt0103569"
"1716","Late Night with Conan O'Brien","tt0106052"
"1717","The Bachelor","tt0313038"
"1718","Celebrity Deathmatch","tt0208614"
"1719","LuxuryDark","tt13056560"
"1720","The Challenge","tt0176095"
"1721","Kurzgesagt: In a Nutshell","tt6169222"
"1722","WWE Smackdown!","tt0227972"
"1723","#Railwaying","tt10834060"
"1724","La Verdad: Beginnings","tt2925114"
"1725","That Cover Girl","tt27796029"
"1726","Madventures","tt0369131"
"1727","LEMMiNO","tt14119896"
"1728","Malgudi Days","tt0244911"
"1729","Lasagna Cat","tt6632320"
"1730","UEFA Champions League","tt8927406"
"1731","So You Think You Can Dance","tt0472023"
"1732","Formula 1","tt6758316"
"1733","Living Free","tt14547620"
"1734","Addicted Heroin","tt33078635"
"1735","Lassie","tt0046617"
"1736","Your Reality Checked","tt0406370"
"1737","Screen Rant Pitch Meetings","tt7967862"
"1738","BTS: Bon Voyage","tt7866314"
"1739","Choque de Cultura","tt7137290"
"1740","Juego limpio","tt0486070"
"1741","Unus Annus","tt11289784"
"1742","Conan","tt1637574"
"1743","Puppet History","tt12305222"
"1744","The Amos 'n Andy Show","tt0043175"
"1745","How It's Made","tt0835010"
"1746","Dancing in the Street","tt0375293"
"1747","Modern Masters","tt26259966"
"1748","The Ed Sullivan Show","tt0040053"
"1749","Clarke Cable Film Review Report","tt5371504"
"1750","XTale","tt16731494"
"1751","La vie la vie","tt0274297"
"1752","The Danny Thomas Show","tt0045410"
"1753","Jimmy Kimmel Live!","tt0320037"
"1754","Capo: Rise to Power","tt16993822"
"1755","Chandragupta Maurya","tt2955622"
"1756","Paris aktuell","tt0379136"
"1757","Si Doel Anak Sekolahan","tt0331786"
"1758","Second Spring","tt0264700"
"1759","Chasing the Sun","tt9686346"
"1760","Run BTS!","tt7865962"
"1761","Bryce","tt25148012"
"1762","Most Extreme Elimination Challenge","tt0364843"
"1763","Legendary Nights","tt0488456"
"1764","Late Night with Jimmy Fallon","tt1231460"
"1765","Friday Five Sharp","tt8560994"
"1766","Slozna braca","tt0191730"
"1767","Good Eats","tt0344651"
"1768","CoryxKenshin","tt6297952"
"1769","On Cinema","tt3204810"
"1770","On Tiptoes","tt2933198"
"1771","The Colbert Report","tt0458254"
"1772","Lockdown with My Crush","tt15281368"
"1773","Mega64","tt0442812"
"1774","The Late Late Show with Craig Ferguson","tt0437729"
"1775","Ben Baller","tt2657668"
"1776","Remember Afton","tt33042057"
"1777","Teletubbies","tt0142055"
"1778","Good Eats: The Return","tt10771948"
"1779","Monster Therapy","tt6728912"
"1780","De'ah Da'iah","tt2110659"
"1781","It's My Shout: Short Films from Wales","tt6263066"
"1782","Shrimad Ramayan","tt30145246"
"1783","The Office: Superfan Episodes","tt27738382"
"1784","The Nerd Crew","tt11231816"
"1785","The On1y One","tt33098983"
"1786","As the World Turns","tt0048845"
"1787","Kavi Kasturi","tt30837263"
"1788","The Ellen DeGeneres Show","tt0379623"
"1789","Tin Kamp","tt22522848"
"1790","World Record Progression","tt12953962"
"1791","The Supersizers Go...","tt1242512"
"1792","Interscope Presents 'the Next Episode'","tt0384744"
"1793","Alpha Bravo Charlie","tt2298792"
"1794","Jogandofoddaci","tt23028046"
"1795","Maharat","tt27901482"
"1796","All That","tt0111875"
"1797","El Chavo del Ocho","tt0229889"
"1798","Wipeout","tt1156535"
"1799","Dimension 20","tt9646546"
"1800","The Amanda Show","tt0217910"
"1801","Journey to a Dream","tt2165920"
"1802","The Challenge: Home Turf","tt31121774"
"1803","Jerma985","tt6439480"
"1804","From the Bottom to the Top","tt5691046"
"1805","Choufli Hal","tt7151672"
"1806","Dora the Explorer","tt0235917"
"1807","In Search of the Automatic House","tt12423408"
"1808","Entertainment Today Television","tt0871620"
"1809","JackSucksAtLife","tt14621614"
"1810","Leagues Apart","tt0989780"
"1811","Mister Rogers' Neighborhood","tt0062588"
"1812","Breaking Kitchen","tt30469810"
"1813","BLK: An Origin Story","tt18334580"
"1814","Devon Ke Dev... Mahadev","tt2147999"
"1815","Panorama","tt0199257"
"1816","OdBita Pot","tt24228604"
"1817","Flavours of Romania","tt13094256"
"1818","Bunty I Love You","tt10443578"
"1819","In de Gloria","tt0235922"
"1820","Chanakya","tt0389593"
"1821","Natural Heroes","tt0891100"
"1822","That's Life!! Kilorenzos $mith in Talks...","tt6987380"
"1823","Crime Pays","tt29382604"
"1824","Weather Report","tt12313750"
"1825","2007 ICC World Twenty20","tt9056532"
"1826","Alejo la búsqueda del amor","tt5265646"
"1827","Dark Sand","tt8658112"
"1828","Prosjaci i sinovi","tt0066704"
"1829","Sumit Sambhal Lega","tt5282604"
"1830","The Gumby Show","tt0050022"
"1831","Sam and Colby Presents: Hell Week","tt20428144"
"1832","The Bugs Bunny/Road Runner Hour","tt0062550"
"1833","Joca & Nidza Show","tt12015730"
"1834","The View","tt0123366"
"1835","Baazi Ishq Ki","tt27204227"
"1836","G-mik","tt1258188"
"1837","VideoGameDunkey","tt7248250"
"1838","Weekend with Ramesh","tt5636354"
"1839","Cook & Go!","tt2154478"
"1840","RetroAhoy","tt8089282"
"1841","Jet Lag: The Game","tt23030000"
"1842","After Them","tt32394850"
"1843","Foster Brothers","tt0324836"
"1844","Metti Oli","tt12182408"
"1845","Mumkey's Anime Reviews","tt8252754"
"1846","Murder in Mahim","tt32258354"
"1847","Posh Nosh","tt0352091"
"1848","Sam and Colby","tt28224610"
"1849","Wild Kat","tt0315724"
"1850","Cooku with Comali","tt13464516"
"1851","Bohubrihi","tt4853908"
"1852","New York Philharmonic Young People's Concerts","tt3776668"
"1853","Guy Montgomery's Guy Mont-Spelling Bee","tt33075578"
"1854","America's Game: The Super Bowl Champions","tt1213209"
"1855","The Palestinian Alienation","tt3109682"
"1856","Ken Burns: American Lives","tt6889818"
"1857","Happy Meal","tt12615706"
"1858","Hot Dog","tt6722972"
"1859","Penguinz0","tt7249164"
"1860","Les réseaux de l'extrême","tt2689336"
"1861","12 Mart: Ihtilalin Pencesinde Demokrasi","tt10313338"
"1862","Bald and Bankrupt","tt11434028"
"1863","Catholicism","tt2725156"
"1864","Jay Jagannath","tt32231220"
"1865","Maat Pitaah Ke Charnon Mein Swarg","tt14454116"
"1866","Mama","tt0041039"
"1867","Masters of Engineering","tt13640574"
"1868","Musik aus Studio B","tt0295799"
"1869","Viva La Dirt League","tt7747698"
"1870","Unsung","tt1334307"
"1871","36 Days","tt27618627"
"1872","The Runner Digital Series","tt10724306"
"1873","Animatic Battle","tt32575983"
"1874","Live from Daryl's House","tt2509266"
"1875","2011 Cricket World Cup","tt3662330"
"1876","Game One","tt1169475"
"1877","Meeting of Minds","tt0075536"
"1878","Coffee Time me ta Asteria tou Leo","tt4635236"
"1879","A Town Called Victoria","tt29009803"
"1880","Rossz PC Játékok Sorozat","tt6801560"
"1881","Drzavni Posao","tt2910420"
"1882","Vsauce","tt6119392"
"1883","A DAY IN THE LIFE OF TYLER1","tt8223802"
"1884","DNA","tt0903750"
"1885","Udne Ki Aasha","tt31548582"
"1886","Upside Brown","tt24247314"
"1887","Freaking Fucking Games","tt10203450"
"1888","Beamng Drive","tt28817749"
"1889","My New Best Friend","tt0453433"
"1890","Stampy's Lovely World","tt12511004"
"1891","Running Man","tt2185037"
"1892","Szürreality Show","tt7593094"
"1893","Internet Comment Etiquette","tt9168988"
"1894","Passaggi segreti","tt1567716"
"1895","TMT 1952","tt30209383"
"1896","The Express Way with Dule Hill","tt26672587"
"1897","Today","tt0044298"
"1898","Upanishad Ganga","tt5961444"
"1899","Coke Studio Pakistan","tt2400629"
"1900","QUIZarenaLIVE","tt18382260"
"1901","India's Got Latent","tt33094114"
"1902","Shadow of Israphel","tt3684748"
"1903","Taarak Mehta Ka Ooltah Chashmah","tt1708446"
"1904","Smack Talk","tt10768188"
"1905","What the ....!","tt11464266"
"1906","Defunctland","tt7974672"
"1907","Arday","tt26297744"
"1908","Karma","tt5466156"
"1909","Mujercitas","tt0312176"
"1910","The Boy That Never Was","tt31529102"
"1911","Unfinished London","tt2197673"
"1912","Microwave Society","tt19874210"
"1913","Ngay Xua Ngay Xua","tt11670126"
"1914","Eyewitness","tt1242482"
"1915","Restored","tt8141256"
"1916","The Adventures of Ted and John","tt6952314"
"1917","JCR1216s Some Idiots","tt26768901"
"1918","Pradhanmantri","tt3246616"
"1919","Dying to Be Famous: The Ryan Singleton Mystery","tt12938808"
"1920","Enderslime SMP","tt29610160"
"1921","Empreintes","tt1394280"
"1922","Liquid Ladder","tt13828460"
"1923","Akkara Kazhchakal","tt1600931"
"1924","Movie Trivia Schmoedown","tt7017872"
"1925","Live Free's Unscripted","tt14316932"
"1926","Nana Tour With Seventeen","tt31070639"
"1927","C.I.D.","tt0401916"
"1928","Candy Caddy","tt27950822"
"1929","Destination X TV: Hawaii","tt0853180"
"1930","Get Educated","tt4956310"
"1931","Hockey Night in Canada","tt0188335"
"1932","I stin Alpha i sti Vita oloi pan gia ti marmita","tt8203520"
"1933","Nang Nak Saphai Phra Khanong","tt24251134"
"1934","Pickleball Is Life: Dill with It!","tt26544076"
"1935","The Drew Pearson Show","tt2479942"
"1936","The Great Indian Disruptors","tt21994444"
"1937","Too Many Spirits","tt13193312"
"1938","Zappek","tt0112231"
"1939","Bored","tt8893430"
"1940","Khawatir","tt3062514"
"1941","BrothAhood","tt6795408"
"1942","Captain Callum Adventures","tt7354646"
"1943","Tom Scott","tt15534302"
"1944","Meme Police","tt6886010"
"1945","The Best of Mr GVSMRB","tt30145491"
"1946","Londra Merkez","tt11207734"
"1947","Giochi di Merda","tt28027358"
"1948","Talking Sopranos","tt13833958"
"1949","High Stakes Poker","tt0497294"
"1950","Elliot Goes to School","tt3532368"
"1951","Rigo","tt29549403"
"1952","MotoGP","tt3622158"
"1953","Achanak 37 Saal Baad","tt5638364"
"1954","Battlefield: The Battles That Won the Second World War","tt1748705"
"1955","Bordersville II","tt28355736"
"1956","Breaking Sponge","tt30801485"
"1957","CFF Talks TV SERIES","tt14049182"
"1958","Ciklotron","tt1773888"
"1959","Freddy Fazbears Pizza","tt32654655"
"1960","Mintoo","tt19368140"
"1961","Muntajir","tt14484756"
"1962","Princess Dollie Aur Uska Magic Bag","tt18284424"
"1963","Sweet Life","tt0302199"
"1964","Tehreer ... Munshi Premchand Ki","tt10719514"
"1965","That's Cringe","tt13721002"
"1966","The Great War","tt4338684"
"1967","The New Yankee Workshop","tt0184144"
"1968","Trofécio","tt19501758"
"1969","Vanishings!","tt2597178"
"1970","WKUK Try to Play a Role Playing Game - The Buckerson & Meyers Saga","tt13066464"
"1971","High Spirits with Shirley Ghostman","tt0447763"
"1972","Mr GVSMRB: Live","tt30923187"
"1973","30 Minuten","tt0252752"
"1974","Barking Vans' Horror Fest","tt14316162"
"1975","S.P.U.N.G","tt0310525"
"1976","Saved by the Barn","tt12169430"
"1977","Stories from My Gay Grandparents","tt14537896"
"1978","The Tourettes Guy","tt1684856"
"1979","Town Bizzness","tt9574478"
"1980","The Why Files","tt13733810"
"1981","The Forever Crisis Show","tt12108582"
"1982","Bab Berci kalandjai","tt32094295"
"1983","5 Years Later","tt29531718"
"1984","Beyaz Show","tt1224142"
"1985","Cheap Seats: Without Ron Parker","tt0397769"
"1986","Forgotten Internet","tt10438456"
"1987","Slumbering Concrete","tt6355030"
"1988","The 7th Rule","tt9684162"
"1989","The Biggest Menace","tt27525158"
"1990","The Ford Theatre Hour","tt0191690"
"1991","The Greed of Man","tt0843185"
"1992","Video Diaries","tt13801946"
"1993","Voltea pa' que te enamores","tt0883301"
"1994","Dorm Life","tt1234500"
"1995","Orangutan Jungle School","tt8917574"
"1996","Epic NPC Man","tt8889820"
"1997","America Down","tt8347084"
"1998","Ming Dynasty 1566","tt6424870"
"1999","Sarpanchi","tt33062819"
"2000","TCM Underground","tt0885042"
"2001","Camp Camp","tt26612863"
"2002","NerdOffice Jovem Nerd","tt5865494"
"2003","Dubsmash Bros","tt10790842"
"2004","Tillbaka till vintergatan","tt8252546"
"2005","A Year in Film","tt11690484"
"2006","Blaulicht","tt0821065"
"2007","Blu notte","tt4574914"
"2008","Iiihhh Serrreemm!","tt27737116"
"2009","In the Bedroom with Dr. Laura Berman","tt1831136"
"2010","Kannante Radha","tt11227190"
"2011","Kino+","tt14622282"
"2012","Kirdaar","tt2459170"
"2013","La Playita","tt9114924"
"2014","Los Hijos de Don Juan","tt5089376"
"2015","Meena","tt4899474"
"2016","Meie aasta Indoneesias","tt32034149"
"2017","My Name Is Gabriel","tt32658626"
"2018","Nacer contigo","tt12421484"
"2019","Open Court","tt5994794"
"2020","Pieces Series","tt5161786"
"2021","Plight of the Independent Filmmaker","tt10582106"
"2022","Por estas calles","tt0320925"
"2023","The owl & co","tt30495619"
"2024","Twin Cities Live","tt5775366"
"2025","Vagrant Holiday","tt14403458"
"2026","What's the Word?","tt1073077"
"2027","Windows Destruction","tt12245570"
"2028","Énigmes de l'histoire","tt1066283"
"2029","No More Jockeys","tt13721954"
"2030","Class Acts","tt30574915"
"2031","GameCenter CX","tt0969664"
"2032","The Secret Life of Machines","tt0431571"
"2033","Drive Thru History","tt1281983"
"2034","Ravivaar with Star Parivaar","tt21744296"
"2035","Winter Walks","tt13976848"
"2036","Moments in Time","tt0476921"
"2037","Laughter Chefs Unlimited Entertainment","tt32590226"
"2038","Big Dreams","tt4969150"
"2039","Towards the Republic","tt1841462"
"2040","Isac & Edvin Bloopers","tt25305522"
"2041","Al Daheeh","tt21080118"
"2042","Alec in WILDerland","tt3198520"
"2043","Arab Maklum","tt27043147"
"2044","Bush Tucker Man","tt0461719"
"2045","Checkmate Lincolnites!","tt26685301"
"2046","Cricket ka Ticket","tt27178946"
"2047","Edwardians in Colour: The Wonderful World of Albert Kahn","tt0897327"
"2048","Encounter Party","tt29624242"
"2049","Estas Secretarias","tt10941154"
"2050","Extra Terrestres","tt4930046"
"2051","Fighting Angels: The Series","tt2035943"
"2052","Film Riot","tt4114870"
"2053","Gustav Gets Grounded","tt31181038"
"2054","Halita","tt12885410"
"2055","Hur Jun","tt4369130"
"2056","Jasuben Jayantilaal Joshi Ki Joint Family","tt4629104"
"2057","JustKiddingFilms","tt2253336"
"2058","LS Mork Parody Commentaries","tt12326046"
"2059","Lampan","tt30824640"
"2060","Let's Game It Out","tt12986680"
"2061","Man at Arms: Reforged","tt3893956"
"2062","Mera Balam Thanedaar","tt30761863"
"2063","My Name Is Mangamma","tt12270088"
"2064","Mystery ER","tt0772560"
"2065","New Scandinavian Cooking","tt0821340"
"2066","Om El Donya","tt26422326"
"2067","On the Go with Gabe","tt33079176"
"2068","Parkinson: The Interviews","tt7146712"
"2069","Righto - Lefto","tt27191979"
"2070","Sudu Andagena Kalu Avidin","tt10022848"
"2071","The Lego Batman Collection","tt13834136"
"2072","The Sun's Shadow","tt22059564"
"2073","The Villains Lair","tt10167146"
"2074","Ultimate Restorations","tt4958888"
"2075","Where Did It Come From?","tt0983805"
